ArraySize,SingleThreadedTime,MultiThreadedTime
1000,0.0020721,0.0867931
5000,0.0076989,0.109632
10000,0.0151352,0.0983815
50000,0.0597218,0.0893172
100000,0.0926526,0.0973886
250000,0.218687,0.192499
400000,0.325577,0.244697
500000,0.410586,0.294907
800000,0.696435,0.374706
900000,0.754819,0.40907
1000000,0.86051,0.447135
3000000,2.48436,0.921308
5000000,4.27639,1.38121
6000000,5.15858,1.61624
6500000,5.39681,1.66977
7000000,6.44801,1.80826
8000000,7.38309,3.24952
